Id,FirstName,LastName,Age,Address,Email
0,Raymond,Purdy,100,Idaho,madilyn_boehm@wizanikolaus.name
0,Alexa,Leannon,76,Mississippi,kaylie.rowe@johnston.biz
0,Mose,Botsford,42,Mississippi,herminio@harveypurdy.info
0,Jayda,Kessler,63,Connecticut,wade@waters.biz
0,Adolphus,Beer,60,California,theodore@carroll.ca
0,Beryl,Simonis,69,Alabama,hermann@framikuhn.name
0,Shany,Ernser,60,Nebraska,noemy@witting.biz
0,Gayle,Thompson,97,Oregon,dariana_littel@muellerlarson.name
0,Maiya,Klein,21,Wisconsin,donavon.stroman@hackettbednar.uk
0,David,Zemlak,20,Ohio,pablo@shields.info
